id,first_name,last_name,email
1,Richart,Peniman,rpeniman0@phpbb.com
2,Wilton,Blondelle,wblondelle1@uiuc.edu
3,Heidi,Bech,hbech2@github.io
4,Hunfredo,Antusch,hantusch3@newyorker.com
5,Emlyn,Joiris,ejoiris4@bbc.co.uk
6,Bella,Sandells,bsandells5@tamu.edu
7,Nathaniel,Huelin,nhuelin6@princeton.edu
8,Cord,Stanbro,cstanbro7@europa.eu
9,Meryl,Elliston,melliston8@arizona.edu
10,Bernette,Beales,bbeales9@telegraph.co.uk
11,Frants,Garret,fgarreta@theatlantic.com
12,Sigismundo,Greest,sgreestb@mysql.com
13,Maury,Dennehy,mdennehyc@amazonaws.com
14,Afton,Siemianowicz,asiemianowiczd@last.fm
15,Bria,Harvey,bharveye@hibu.com
16,Etienne,Jakolevitch,ejakolevitchf@chicagotribune.com
17,Domeniga,Sherbrook,dsherbrookg@china.com.cn
18,Elfie,Lemary,elemaryh@xing.com
19,Gallagher,Crummie,gcrummiei@ihg.com
20,Kaia,Hurton,khurtonj@blogspot.com
21,Chaddy,Lonsbrough,clonsbroughk@hc360.com
22,Dominick,Yeaman,dyeamanl@nytimes.com
23,Wilhelm,Bawme,wbawmem@cpanel.net
24,Malvin,Willox,mwilloxn@theguardian.com
25,Heriberto,Hartmann,hhartmanno@joomla.org
26,Marve,Snashall,msnashallp@storify.com
27,Pierrette,Heggs,pheggsq@phoca.cz
28,Jerrold,Gettone,jgettoner@auda.org.au
29,August,Littrick,alittricks@twitpic.com
30,Grantham,Kemp,gkempt@free.fr
31,Marleah,Cleyne,mcleyneu@taobao.com
32,Vanna,Kruschov,vkruschovv@mapquest.com
33,Pinchas,Mathias,pmathiasw@quantcast.com
34,Hasty,Harvie,hharviex@ning.com
35,Adams,Tran,atrany@tamu.edu
36,Barbabas,Christofle,bchristoflez@yahoo.com
37,Hector,Prew,hprew10@yellowbook.com
38,Sandi,Hatch,shatch11@mozilla.org
39,Marcus,Obal,mobal12@xinhuanet.com
40,Cece,Shickle,cshickle13@hp.com
41,Renaud,Robrow,rrobrow14@elegantthemes.com
42,Tybalt,Greed,tgreed15@tinyurl.com
43,Vanna,Housbie,vhousbie16@amazon.co.uk
44,Sande,Jahnke,sjahnke17@vimeo.com
45,Ivory,MacNeilage,imacneilage18@aol.com
46,Philippine,Mindenhall,pmindenhall19@wikimedia.org
47,Lurette,Mackneis,lmackneis1a@springer.com
48,Rab,Launchbury,rlaunchbury1b@comcast.net
49,Lissa,Taffie,ltaffie1c@delicious.com
50,Marylou,Kob,mkob1d@psu.edu
51,Kimbell,Payn,kpayn1e@noaa.gov
52,Ezri,Samsworth,esamsworth1f@youtu.be
53,Emilie,Lidgard,elidgard1g@instagram.com
54,Sam,De Luna,sdeluna1h@admin.ch
55,Abbi,Stiling,astiling1i@cnbc.com
56,Izabel,Winkell,iwinkell1j@a8.net
57,Maxie,Dewbury,mdewbury1k@comsenz.com
58,Abrahan,Muncie,amuncie1l@ihg.com
59,Tawnya,Brandreth,tbrandreth1m@rambler.ru
60,Fielding,Folkard,ffolkard1n@4shared.com
61,Derrick,Jewise,djewise1o@indiegogo.com
62,Olivie,Crick,ocrick1p@ted.com
63,Isiahi,Matula,imatula1q@cocolog-nifty.com
64,Ninette,Heller,nheller1r@surveymonkey.com
65,Collie,Tolman,ctolman1s@twitter.com
66,Romeo,Spurdle,rspurdle1t@dailymotion.com
67,Tye,De Meis,tdemeis1u@google.com.hk
68,Pauly,Spadollini,pspadollini1v@mashable.com
69,Hans,Fitzpayn,hfitzpayn1w@dagondesign.com
70,Tomkin,Gooly,tgooly1x@nationalgeographic.com
71,Holmes,Newlove,hnewlove1y@paginegialle.it
72,Yul,Warrender,ywarrender1z@cnn.com
73,Cristabel,Balderston,cbalderston20@aol.com
74,Maribeth,Cartwight,mcartwight21@time.com
75,Illa,Edgeson,iedgeson22@yellowbook.com
76,Frank,Downes,fdownes23@chronoengine.com
77,Massimo,Minet,mminet24@slate.com
78,Freemon,Bhatia,fbhatia25@nsw.gov.au
79,Boonie,Batt,bbatt26@thetimes.co.uk
80,Dur,Bresner,dbresner27@opera.com
81,Keith,Robbins,krobbins28@exblog.jp
82,Perrine,Brammar,pbrammar29@t.co
83,Noel,Grigorian,ngrigorian2a@t-online.de
84,Debbi,Pedwell,dpedwell2b@about.com
85,Bram,McFfaden,bmcffaden2c@trellian.com
86,Augustine,Roome,aroome2d@ca.gov
87,Avigdor,Garrison,agarrison2e@csmonitor.com
88,Corbett,Frude,cfrude2f@boston.com
89,Tedd,Nurny,tnurny2g@hhs.gov
90,Ema,Bibb,ebibb2h@nifty.com
91,Donnell,Poleye,dpoleye2i@altervista.org
92,Marley,Kohler,mkohler2j@marriott.com
93,Dorita,Valentelli,dvalentelli2k@facebook.com
94,Natala,Scutching,nscutching2l@eepurl.com
95,Hillel,Kamenar,hkamenar2m@joomla.org
96,Sadella,Ingrem,singrem2n@wordpress.com
97,Thaxter,Imesen,timesen2o@wisc.edu
98,Eric,Bysaker,ebysaker2p@tuttocitta.it
99,Hali,Allderidge,hallderidge2q@ftc.gov
100,Julianna,Fransinelli,jfransinelli2r@ucoz.com
